{"choices":[{"subContentId":"5cb792f9-852b-459b-ad8b-95ed167290db","question":"<p>tesadsfds<\/p>\n","answers":["<p>satu<\/p>\n","<p>dua<\/p>\n","<p>tiga<\/p>\n"]}],"overallFeedback":[{"from":0,"to":100,"feedback":"goof"}],"behaviour":{"autoContinue":true,"timeoutCorrect":2000,"timeoutWrong":3000,"soundEffectsEnabled":true,"enableRetry":true,"enableSolutionsButton":true,"passPercentage":100},"l10n":{"nextButtonLabel":"Next question","showSolutionButtonLabel":"Show solution","retryButtonLabel":"Retry","solutionViewTitle":"Solution list","correctText":"Correct!","incorrectText":"Incorrect!","shouldSelect":"Should have been selected","shouldNotSelect":"Should not have been selected","muteButtonLabel":"Mute feedback sound","closeButtonLabel":"Close","slideOfTotal":"Slide :num of :total","scoreBarLabel":"You got :num out of :total points","solutionListQuestionNumber":"Question :num","a11yShowSolution":"Show the solution. The task will be marked with its correct solution.","a11yRetry":"Retry the task. Reset all responses and start the task over again."}}