{"title":"tejteketwaktj","language":"und","mainLibrary":"H5P.SingleChoiceSet","embedTypes":["div"],"license":"U","preloadedDependencies":[{"machineName":"H5P.SingleChoiceSet","majorVersion":"1","minorVersion":"11"},{"machineName":"FontAwesome","majorVersion":"4","minorVersion":"5"},{"machineName":"H5P.JoubelUI","majorVersion":"1","minorVersion":"3"},{"machineName":"H5P.FontIcons","majorVersion":"1","minorVersion":"0"},{"machineName":"H5P.Transition","majorVersion":"1","minorVersion":"0"},{"machineName":"H5P.Question","majorVersion":"1","minorVersion":"5"}]}